01,79998887766,79111112233,2024-01-08T00:57:29,2024-01-08T01:02:12
02,79111112233,79993332211,2024-01-09T00:59:39,2024-01-09T01:04:19
02,79993332211,79111112233,2024-01-10T00:00,2024-01-10T00:01:39
01,79992221133,79111112233,2024-01-11T00:00,2024-01-11T00:03:54
02,79811234567,79111112233,2024-01-16T00:00,2024-01-16T00:04:46
01,79111112233,79998887766,2024-01-17T00:00,2024-01-17T00:03:25
02,79111112233,79997776655,2024-01-18T00:00,2024-01-18T00:04:40
02,79993332211,79111112233,2024-01-20T00:00,2024-01-20T00:02:53
02,79111112233,79815556677,2024-01-21T00:00,2024-01-21T00:03:08
01,79111112233,79997776655,2024-01-24T00:00,2024-01-24T00:03:15
02,79118765432,79111112233,2024-01-30T00:34:58,2024-01-30T00:38:36
01,79111112233,79997776655,2024-01-30T00:36:56,2024-01-30T00:39:21
02,79992221133,79111112233,2024-01-31T00:56:50,2024-01-31T01:02:10
